file, rows_copied, total, error,,
DM_AGT_REPORT_MOST.LOG,422836,17906,
DM_MOST_AGENT_ACT.LOG,4974775,57000,
DM_MOST_AGENT_ACT_REINSTATED.LOG,651,32,
DM_MOST_AGENT_ATTR.LOG,4955646,38547,
DM_MOST_AGENT_COMPEN.LOG,0,15,
DM_MOST_AGENT_DIGIT.LOG,0,1,
DM_MOST_AGENT_HIRE.LOG,0,1,
DM_MOST_AGENT_PROD.LOG,4974775,77125,
DM_MOST_AGENT_PROD_ADD.LOG,850902,9344,
DM_MOST_AGENT_PROD_CASE.LOG,2422240,16047,
DM_MOST_AGENT_PROD_COMM.LOG,2124877,9953,
DM_MOST_AGENT_PROF.LOG,4939505,69359,
DM_MOST_AGENT_STRU.LOG,79229,594,
DM_MOST_AGENT_STRU_DIRECT.LOG,191132,1203,
DM_MOST_BATCH_CONFIG.LOG,17,16,
DM_MOST_DIM_INFO.LOG,20,1,
DM_MOST_MVP_AGENT.LOG,4939505,190812,
DM_MOST_MVP_AGGREGATION.LOG,203315,23781,
INGE_IGCLI.LOG,0,1,
INGE_IGCVG.LOG,0,16,
INGE_IGDCR.LOG,0,1,
INGE_IGPOL.LOG,0,16,
INGE_IGWSM.LOG,0,1,
INGE_TCVG.LOG,0,1,
INGE_TPOL.LOG,0,16,
INGE_TZVTL.LOG,0,16,
PO_0PRTHEAD_PRINT_HEADER.LOG,,,"UAMS01 - Msg 208, Level 16, State 12",,
PO_0PRTMSG_PRINT_MESSAGE.LOG,,,"UAMS01 - Msg 208, Level 16, State 12",,
PO_DAILYREPORT_BY_BRANCH_TFG.LOG,,,"UAMS01 - Msg 208, Level 16, State 12",,
PO_DAMI_IC_LICENSE.LOG,,,"UAMS01 - Msg 208, Level 16, State 12",,
PO_DETAILREPORT_BY_BRANCH_TFG.LOG,,,"UAMS01 - Msg 208, Level 16, State 12",,
PO_POP_AR_HIAS_TRXN_DAILY.LOG,,,"UAMS01 - Msg 208, Level 16, State 12",,
PO_POP_AR_PAYROLL.LOG,,,"UAMS01 - Msg 208, Level 16, State 1",,
PO_POP_AR_POL_COMM_INGE_MTHLY.LOG,,,"UAMS01 - Msg 208, Level 16, State 12",,
PO_POP_AR_POL_COMM_MTHLY.LOG,,,"UAMS01 - Msg 208, Level 16, State 12",,
PO_POP_AR_POL_PREM_MTHLY.LOG,,,"UAMS01 - Msg 208, Level 16, State 12",,
PO_POP_OLD_DATE_KRA.LOG,,,"UAMS01 - Msg 208, Level 16, State 1",,
PO_POP_UC_AGENCY.LOG,,,"UAMS01 - Msg 208, Level 16, State 12",,
PO_POP_UC_AGENT.LOG,,,"UAMS01 - Msg 208, Level 16, State 12",,
PO_POP_UC_PREAGT.LOG,,,"UAMS01 - Msg 208, Level 16, State 12",,
PO_RPT_CITILOAN_BYBRANCH_DAILY.LOG,,,"UAMS01 - Msg 208, Level 16, State 12",,
PO_RPT_CITILOAN_BYBRANCH_MTD.LOG,,,"UAMS01 - Msg 208, Level 16, State 12",,
PO_RPT_CITILOAN_YEARSUMMARY.LOG,,,"UAMS01 - Msg 208, Level 16, State 12",,
PO_SUMMARYREPORT_TFG.LOG,,,"UAMS01 - Msg 208, Level 16, State 12",,
PO_UPDATE_CONTROL_FLOW.LOG,,,"UAMS01 - Msg 208, Level 16, State 12",,
TBLAGT_ACCOUNT.LOG,504,62,
TBLAGT_ACHIEVE.LOG,658919,2609,
TBLAGT_BASIC.LOG,624649,7703,
TBLAGT_BENEFICIARY.LOG,5288302,9766,
TBLAGT_BENEFIT.LOG,827430,5610,
TBLAGT_COMPLAINT.LOG,0,1,
TBLAGT_CONTACT.LOG,666429,5485,
TBLAGT_EDUCATION.LOG,680685,2359,
TBLAGT_EXPERIENCE.LOG,648830,2641,
TBLAGT_FAMILY.LOG,576432,2704,
TBLAGT_HISTORY.LOG,1703259,6407,
TBLAGT_HSLRATIO.LOG,184669,657,
TBLAGT_LICENSE.LOG,783586,7219,
TBLAGT_MOC.LOG,23919,172,
TBLAGT_MOC_HIST.LOG,24364,156,
TBLAGT_PAC.LOG,1583193,8094,
TBLAGT_PERSONAL.LOG,657020,2266,
TBLAGT_REINSTATE.LOG,0,15,
TBLAGT_SIT.LOG,3816497,16547,
TBLAGT_TAX.LOG,644313,3063,
TBLAGY_BASIC.LOG,32847,406,
TBLAGY_BENEFIT.LOG,164226,891,
TBLAGY_CONTACT.LOG,32426,344,
TBLAGY_SIT.LOG,72085,312,
TBLAR_AO_LEADER_AFTER_MTHEND.LOG,0,16,
TBLAR_AO_LEADER_BEFORE_MTHEND.LOG,0,15,
TBLAR_AO_LEADER_BENEFIT.LOG,0,1,
TBLAR_AO_SUBORD_BENEFIT.LOG,0,16,
TBLAR_AO_SUB_AFTER_MTHEND.LOG,0,16,
TBLAR_AO_SUB_BEFORE_MTHEND.LOG,0,16,
TBLAR_BUSNSRC_02_HIAS_DAILY.LOG,0,32,
TBLAR_CONTEST_AN1.LOG,0,1,
TBLAR_CONTEST_PAID.LOG,0,1,
TBLAR_CONTEST_SUB.LOG,0,16,
TBLAR_GROUP_COMM_MTHLY.LOG,0,16,
TBLAR_GROUP_PREM_MTHLY.LOG,0,1,
TBLAR_HIAS_COMM_TRXN_DAILY.LOG,0,1,
TBLAR_HIAS_POL_TRXN_DAILY.LOG,0,16,
TBLAR_HIAS_PREM_TRXN_DAILY.LOG,0,1,
TBLAR_INGEPRODGRP_CD.LOG,0,1,
TBLAR_LFCMPRODGRP_CD.LOG,0,1,
TBLAR_PLAN_CODE.LOG,3737,15,
TBLAR_POL_COMM_PAID_MTHLY.LOG,6784097,56922,
TBLAR_POL_COMM_PAID_MTHLY_FYC.LOG,0,16,
TBLAR_POL_COMM_PAID_MTHLY_LFCM.LOG,0,16,
TBLAR_POL_COMM_PAID_MTHLY_RYC.LOG,0,1,
TBLAR_POL_PREM_PAID_MTHLY.LOG,0,15,
TBLAR_POL_PREM_PAID_MTHLY_FYP.LOG,0,16,
TBLAR_POL_PREM_PAID_MTHLY_RYP.LOG,0,1,
TBLCONTROL_FLOW.LOG,79,1,
TBLCOURSE_CPD.LOG,431,46,
TBLCOURSE_RULE.LOG,490,1,
TBLDAMI_FASALA_FINAL.LOG,24500,234,
TBLDAMI_FA_LIST.LOG,157276,1562,
TBLDAMI_FA_TYPE_LKUP.LOG,21,1,
TBLDAMI_IACT_ATTEND.LOG,0,16,
TBLDAMI_IACT_ATTEND_AGENT.LOG,0,1,
TBLDAMI_IACT_CLASS.LOG,0,16,
TBLDAMI_IACT_CLASS_AGENT.LOG,0,32,
TBLDAMI_IACT_DASHBOARD_D.LOG,0,1,
TBLDAMI_IACT_DASHBOARD_D_TMP.LOG,0,16,
TBLDAMI_IACT_DASHBOARD_H.LOG,0,1,
TBLDAMI_IACT_DASHBOARD_R.LOG,0,16,
TBLDAMI_IACT_FILTERS.LOG,0,16,
TBLDAMI_IACT_LOGIN_INFO.LOG,0,1,
TBLDAMI_IACT_LOGIN_SESSION.LOG,0,1,
TBLDAMI_IACT_OPERATION_INFO.LOG,0,1,
TBLDAMI_IACT_SESSION.LOG,0,15,
TBLDAMI_IACT_SESSION_AGENT.LOG,0,1,
TBLDAMI_IACT_SESSION_ATTEND.LOG,0,1,
TBLDAMI_IACT_STAFF.LOG,0,15,
TBLDAMI_IC_LICENSE.LOG,75249,1484,
TBLDAMI_INDVCODE_LKUP.LOG,67783,485,
TBLDAMI_IO_LIST.LOG,39180,265,
TBLDAMI_IPOS_SUB_ISIGN_MTHEND.LOG,0,1,
TBLDAMI_IPOS_SUB_MTHEND.LOG,0,16,
TBLDAMI_IPOS_SUB_MTHEND_BBL.LOG,0,1,
TBLDAMI_LA_AGENT_LIST.LOG,24530,204,
TBLDAMI_LA_CAMPAIGN.LOG,0,1,
TBLDAMI_LA_EVALUATION.LOG,0,1,
TBLDAMI_LA_EVALUATION_ANSWER.LOG,0,1,
TBLDAMI_LA_EVALUATION_DETAIL.LOG,0,1,
TBLDAMI_LA_EVALUATION_TYPE.LOG,0,1,
TBLDAMI_LA_GOAL_SETTINGS.LOG,0,15,
TBLDAMI_MDRT_DAILY.LOG,67753,750,
TBLDAMI_MDRT_H.LOG,132088,1579,
TBLDAMI_MDRT_QPERC_DECRATE.LOG,4779,46,
TBLDAMI_MOST_PLANCODE_LKUP.LOG,905,15,
TBLDAMI_PAYMENT.LOG,95633,219,
TBLDAMI_PERSISTENCY_INDV.LOG,3731989,50297,
TBLDAMI_PLANCODE.LOG,11454,94,
TBLDAMI_POL_STAT_C_BPDWH01.LOG,0,1,
TBLDAMI_PRESTIGE_GIFT_POL.LOG,0,1,
TBLDAMI_RCON_HIERARCHY.LOG,0,16,
TBLDAMI_RCON_HIERARCHY_TMP.LOG,0,15,
TBLDAMI_SEGMENT_FIXED_MDRT.LOG,3926,47,
TBLDAMI_STAFF_PROFILE.LOG,0,1,
TBLDAMI_UC_IPOS_SUB.LOG,0,1,
TBLDAMI_UC_IPOS_SUB_ISIGN.LOG,0,1,
TBLDM_PERF_DAILY_FIXED.LOG,3,15,
TBLIVR_BYBRANCH_DAILY.LOG,0,16,
TBLIVR_BYBRANCH_DAILY_EXISTING.LOG,0,140,
TBLIVR_BYBRANCH_DAILY_REFERRAL.LOG,0,31,
TBLIVR_BYBRANCH_MONTHLY.LOG,0,16,
TBLIVR_BYBRANCH_WEEKLY.LOG,0,16,
TBLIVR_CITILOAN_BYBRANCH_DAILY.LOG,2,31,
TBLIVR_CITILOAN_BYBRANCH_DLY_H.LOG,11,31,
TBLIVR_CITILOAN_BYBRANCH_MTD.LOG,8,31,
TBLIVR_CITILOAN_BYBRANCH_MTD_H.LOG,19,16,
TBLIVR_CITILOAN_YEARSUMMARY.LOG,2,1,
TBLIVR_CITILOAN_YEARSUMMARY_H.LOG,6,1,
TBLIVR_DAILYBYBRANCH_EXISTING.LOG,0,16,
TBLIVR_DAILYBYBRANCH_REFERRAL.LOG,0,15,
TBLIVR_GROUPDWM_EXISTING.LOG,0,16,
TBLIVR_GROUPDWM_REFERRAL.LOG,0,15,
TBLIVR_SOURCE.LOG,38,16,
TBLIVR_SOURCE_CALCULATE.LOG,8,16,
TBLIVR_SOURCE_GROUPBYBRANCH.LOG,0,31,
TBLIVR_SOURCE_GROUPDWM.LOG,0,16,
TBLM_AA_LKUP.LOG,196,62,
TBLM_ACH_LKUP.LOG,72,15,
TBLM_ACH_TYPE_LKUP.LOG,3,15,
TBLM_ADDRESS_LKUP.LOG,8515,46,
TBLM_AGENT_CPD.LOG,0,16,
TBLM_AGT_EXEMPT.LOG,0,1,
TBLM_AGT_EXEMPT_OTHER.LOG,0,1,
TBLM_AGT_EXEMPT_WHOLELIFE.LOG,0,1,
TBLM_AGT_SIT.LOG,4011182,49297,
TBLM_AGT_STATUS.LOG,159,1,
TBLM_AGT_STATUS_HISTORY.LOG,246,15,
TBLM_AGYGROUP_TREE.LOG,8454,93,
TBLM_AGY_OFF_LKUP.LOG,1362,78,
TBLM_AGY_SIT.LOG,66814,969,
TBLM_AOTERMREASON_LKUP.LOG,4,1,
TBLM_BENFPLAN_LKUP.LOG,16,15,
TBLM_BUSNSRC_02_ACHIEVE.LOG,908341,7984,
TBLM_BUSNSRC_02_AGENCY.LOG,31989,2344,
TBLM_BUSNSRC_02_AGTPAYMETHOD.LOG,651521,7312,
TBLM_BUSNSRC_02_AGT_AREA.LOG,216911,1500,
TBLM_BUSNSRC_02_AGT_HIRE.LOG,1508429,12813,
TBLM_BUSNSRC_02_AGT_SUPP.LOG,2205482,10500,
TBLM_BUSNSRC_02_AGYGROUP.LOG,220269,797,
TBLM_BUSNSRC_02_AGYQUALIFIED.LOG,29907,109,
TBLM_BUSNSRC_02_AGY_BENFPN.LOG,159885,1390,
TBLM_BUSNSRC_02_BENFPLAN.LOG,792099,5906,
TBLM_BUSNSRC_02_DTL.LOG,652874,51766,
TBLM_BUSNSRC_02_EDUCATION.LOG,666097,6344,
TBLM_BUSNSRC_02_FAMILY.LOG,594454,10094,
TBLM_BUSNSRC_02_LICENSE_AA.LOG,770285,8390,
TBLM_BUSNSRC_02_PREV_EMP.LOG,591104,7094,
TBLM_BUSNSRC_02_RANK_HST.LOG,1782931,30109,
TBLM_BUSNSRC_02_TAXALLOW.LOG,7738178,52484,
TBLM_BUSNSRC_FA.LOG,19434,125,
TBLM_CHGNATURE_LKUP.LOG,14,16,
TBLM_CLASSLOCTYPE_LKUP.LOG,15,15,
TBLM_CLASS_LKUP.LOG,59,1,
TBLM_CONSENTAGENT.LOG,24921,344,
TBLM_CONSENTPROSPECT.LOG,3556,47,
TBLM_CONTRACT_LKUP.LOG,7,1,
TBLM_CORPBENFMOVE_LKUP.LOG,54,1,
TBLM_CSTATUS_LKUP.LOG,3,1,
TBLM_CTYPE_LKUP.LOG,3,1,
TBLM_EDURANK_LKUP.LOG,8,1,
TBLM_EVALUATE_LKUP.LOG,3,15,
TBLM_EXAM_APPLICANT.LOG,179920,3171,
TBLM_EXAM_DTL.LOG,274097,3875,
TBLM_EXAM_SCHEDULE.LOG,8813,156,
TBLM_EXAM_SCHEDULE_SYSTEM_LKUP.LOG,11,1,
TBLM_FARMERPRIVILEGE_DTL.LOG,13300,172,
TBLM_HS_LOSSRATIO.LOG,763252,14390,
TBLM_HS_LOSSRATIO_SUMMARY.LOG,0,1,
TBLM_IVR_INFO.LOG,614221,2297,
TBLM_JOL_BUSNSRC_02_ACHIEVE.LOG,17,16,
TBLM_JOL_BUSNSRC_02_AGENCY.LOG,1462,125,
TBLM_JOL_BUSNSRC_02_DTL_A.LOG,23132,1578,
TBLM_JOL_BUSNSRC_02_DTL_B.LOG,0,31,
TBLM_JOL_BUSNSRC_02_LICENSE_AA.LOG,19648,312,
TBLM_JOL_PAC_DTL.LOG,205,15,
TBLM_JOL_PREAGENT_DTL.LOG,128,32,
TBLM_LANGUAGE_LKUP.LOG,4,15,
TBLM_LEVEL_LKUP.LOG,9,1,
TBLM_LFCMSTATUS_LKUP.LOG,12,16,
TBLM_LICENSE_LKUP.LOG,9,1,
TBLM_LOC_OFFBLDG_LKUP.LOG,283,16,
TBLM_LOOKUP_CAT.LOG,50,1,
TBLM_LOOKUP_MAPPINGS.LOG,1222,15,
TBLM_MARITAL_LKUP.LOG,6,1,
TBLM_MOC_FOLLOWUP_MST.LOG,0,1,
TBLM_MOC_MASS_SUSPEND.LOG,0,1,
TBLM_MOC_NONPRO_AGT.LOG,0,15,
TBLM_MOC_NONPRO_AGT_HIST.LOG,0,1,
TBLM_MOC_RULE_TRAIN_LKUP.LOG,0,16,
TBLM_MOC_STATUS_TYPE_LKUP.LOG,4,1,
TBLM_MOC_SUSPEND_CNSLD.LOG,1844583,21234,
TBLM_MOC_SUSPEND_MST.LOG,0,15,
TBLM_NATIONALITY_LKUP.LOG,3,1,
TBLM_OCCRANK_LKUP.LOG,19,16,
TBLM_PAC_DTL.LOG,1630506,11953,
TBLM_PENDING_MEMO.LOG,349135,6547,
TBLM_PREAGENT_DTL.LOG,316876,10203,
TBLM_PREAGENT_NOTE.LOG,2145,31,
TBLM_PREAGENT_VALIDATION.LOG,132761,891,
TBLM_RACE_LKUP.LOG,6,16,
TBLM_RANKACCESSMAPPING.LOG,685,1,
TBLM_RANKLEVEL_LKUP.LOG,8,1,
TBLM_RELATIONSHIP_LKUP.LOG,3,16,
TBLM_RENEW_LIC_CTRL.LOG,973,16,
TBLM_RENEW_LIC_DISTRIBUTE.LOG,2928,15,
TBLM_RENEW_LIC_MST.LOG,643465,12656,
TBLM_SRCRECRUIT_LKUP.LOG,5,16,
TBLM_STATUS_LKUP.LOG,2,1,
TBLM_TERMREASONMAP_LKUP.LOG,51,1,
TBLM_TERMREASON_LKUP.LOG,111,1,
TBLM_TLAAEDULEV_MAPPINGS.LOG,9,16,
TBLM_TLAAEXAM_RECORD.LOG,452,1,
TBLM_TLAASTAT_MAPPINGS.LOG,77,1,
TBLM_UPD_AMS_AGYTAB.LOG,22845,563,
TBLM_UWLIMIT_LKUP.LOG,10,16,
TBLPREAGENT_IR_ACHIEVEMENT.LOG,0,16,
TBLPREAGENT_IR_ADDRESS.LOG,0,1,
TBLPREAGENT_IR_DOCUMENT.LOG,0,1,
TBLPREAGENT_IR_EDUCATION.LOG,0,1,
TBLPREAGENT_IR_FAMILY.LOG,0,16,
TBLPREAGENT_IR_INFO.LOG,0,46,
TBLPREAGENT_IR_RECOMMEND.LOG,0,1,
TBLPREAGENT_IR_WORKEXP.LOG,0,15,
TBLUC_CA.LOG,0,1,
TBLUC_CC_AGT.LOG,0,1,
TBLUC_CC_AGY.LOG,0,15,
TBLUC_MANPOWER_AGY.LOG,6551,78,
TBLUC_PERSISTENCY_AGT.LOG,3759160,19188,
TBLUC_PERSISTENCY_AGY.LOG,143356,1093,
TBLUC_PRODUCTION_AGT.LOG,0,16,
TBLUC_PRODUCTION_AGY.LOG,0,15,
TBLUC_RPT_POLICY_AGENT_SUMMARY.LOG,0,16,
TBLUC_STATEMENT_AGT.LOG,0,16,
TMPDAMI_PRESTIGE_GIFT_POL.LOG,0,1,
TMPRYC2_10_AGT.LOG,0,15,
TMPRYC2_6_AGY_YTD.LOG,0,1,
TMPRYC2_6_AGY_YTD_BY_MONTH.LOG,0,1,
TMP_EDU_LKUP.LOG,23,1,
TMP_IPOS_SUB.LOG,0,1,
TMP_IPOS_SUB_ALL.LOG,0,1,
TMP_IPOS_SUB_ALL_BBL.LOG,0,1,
TMP_IPOS_SUB_BBL.LOG,0,1,
TMP_IPOS_SUB_H.LOG,0,16,
TMP_IPOS_SUB_H_BBL.LOG,0,16,
TMP_IPOS_SUB_ISIGN_ALL.LOG,0,1,
TMP_IPOS_SUB_ISIGN_H.LOG,0,1,
TMP_IPOS_SUB_MTHEND.LOG,0,16,
TMP_IPOS_SUB_MTHEND_BBL.LOG,0,1,
TMP_MOST_AGENT_ACT.LOG,29388,344,
TMP_MOST_AGENT_ACT02.LOG,29388,110,
TMP_MOST_AGENT_ATTR_01.LOG,627975,3953,
TMP_MOST_AGENT_LCA.LOG,0,1,
TMP_MOST_AGENT_PROD_ULP.LOG,237009,2360,
TMP_MOST_AGENT_REC.LOG,10248,172,
TMP_MOST_AGG_SUM_UP_01.LOG,11958,203,
TMP_MOST_AGG_SUM_UP_02.LOG,0,1,
TMP_MOST_AGG_SUM_UP_03.LOG,0,1,
TMP_MOST_AGY046.LOG,6915,78,
TMP_MOST_AGY133_MTD.LOG,604,32,
TMP_MOST_COMP_PREONBOARD.LOG,714626,4812,
TMP_MOST_CYCLE_DATE.LOG,1,16,
TMP_MOST_MVP_AGENT_AGG_1_1.LOG,160241,1297,
TMP_MOST_MVP_AGENT_AGG_1_2.LOG,160241,1188,
TMP_MOST_MVP_AGENT_AGG_2_1.LOG,160241,1046,
TMP_MOST_MVP_AGENT_AGG_2_2.LOG,160241,1485,
TMP_MOST_MVP_AGENT_AGG_3_1.LOG,160241,1562,
TMP_MOST_MVP_AGENT_AGG_3_2.LOG,160241,2313,
TMP_MOST_MVP_AGENT_AGG_4_1.LOG,160241,2781,
TMP_MOST_MVP_AGENT_AGG_AY.LOG,191357,1000,
TMP_MOST_MVP_AGGREGATION.LOG,203315,10422,
TMP_MOST_PROD_AGT.LOG,36287,234,
TMP_SOR_ANP_VONB_TRANS_HIST.LOG,0,16,
V_DWH_PREDICTIVE_PERSISTENCY.LOG,0,2031,