file, rows_copied, total, error,,
TBLACCESS_LOG.LOG,4630,484,
TBLACH_LKUP.LOG,67,1,
TBLACH_TYPE_LKUP.LOG,4,1,
TBLACMSAGENCYINPUTYR.LOG,37485,281,
TBLACMSAGENTINPUTYR.LOG,515216,3296,
TBLACMSAGTYRARTARGET.LOG,1193,16,
TBLACMSALLYRARTARGET.LOG,80,1,
TBLACMSARACTIVITYYR.LOG,334776,1297,
TBLACMSPACCACTIVITY.LOG,39309,547,
TBLACMSPACCACTIVITYYR.LOG,8009,781,
TBLACMSPASACTIVITY.LOG,309410,3750,
TBLACMSPASACTIVITYYR.LOG,79031,1047,
TBLAGYTABALL.LOG,488251,12000,
,,,"UAMS01 - Msg 2403, Level 10, State 0",,
TBLAMSCYCLE.LOG,1,16,
TBLAMSCYCLE_BATCH.LOG,1,1,
TBLAMSCYCLE_HISTORY.LOG,6288,16,
TBLAMSMTHENDDATES.LOG,213,1,
TBLAMS_LOGIN3FAILEDCOUNTMAIL.LOG,36,1,
TBLAREA_LEVELS.LOG,53,1,
TBLATTENDANCE.LOG,428139,2250,
TBLBEN_PFA_PAS_MTHLY.LOG,0,1,
TBLBUSNSRC_02_ACHIEVE.LOG,460547,8282,
TBLBUSNSRC_02_AGENCY_MTHEND_EA.LOG,28936,562,
TBLBUSNSRC_02_AGT_HIRE_MTHEND.LOG,1242161,10188,
TBLBUSNSRC_02_AGT_K_PERS_MTHLY.LOG,0,1,
TBLBUSNSRC_02_AGT_PERSIS_MTHLY.LOG,0,16,
TBLBUSNSRC_02_AO_MST.LOG,19543,594,
TBLBUSNSRC_02_AO_MST_MTHEND.LOG,19543,109,
TBLBUSNSRC_02_COMPLAINT.LOG,1071,62,
TBLBUSNSRC_02_DTL_MTHEND_EA.LOG,498806,26812,
TBLBUSNSRC_02_FAMILY.LOG,190819,5047,
TBLBUSNSRC_02_GA_LIFE_DATAENT.LOG,0,16,
TBLBUSNSRC_02_GA_LIFE_MEMO.LOG,0,1,
TBLBUSNSRC_02_GA_LIFE_MEMO_POL.LOG,0,16,
TBLBUSNSRC_02_GA_PA_DATAENT.LOG,0,15,
TBLBUSNSRC_02_GA_PA_MEMO.LOG,0,15,
TBLBUSNSRC_02_GA_PA_MEMO_POL.LOG,0,16,
TBLBUSNSRC_02_GRACEPERIOD.LOG,1213569,11859,
TBLBUSNSRC_02_GRPFYC_MTHLY.LOG,310029,3562,
TBLBUSNSRC_02_ISSUE_TRXN_DAILY.LOG,0,31,
TBLBUSNSRC_02_LICENSE.LOG,329263,6265,
TBLBUSNSRC_02_PERSISTENCYLAPSE.LOG,1450870,16625,
TBLBUSNSRC_02_POL_COMM_DAILY.LOG,0,1,
TBLBUSNSRC_02_POL_TRXN_DAILY.LOG,40754701,469516,
TBLBUSNSRC_02_POL_TRXN_MTHLY.LOG,0,16,
TBLBUSNSRC_02_POL_TRXN_MTHLY_H.LOG,0,16,
TBLBUSNSRC_02_PREV_EMP.LOG,258928,3438,
TBLBUSNSRC_02_RANK_HST.LOG,1667467,14844,
TBLBUSNSRC_02_RANK_HST_MTHEND.LOG,606140,3125,
TBLBUSNSRC_02_TOPREPORT.LOG,0,1,
TBLBUSNSRC_02_TOPREPORT_NEW.LOG,16,1,
TBLBUSNSRC_02_WSM_TRXN_DAILY.LOG,0,1,
TBLBUSNSRC_FA_IMO.LOG,29173,609,
TBLBUSNSRC_INGE_WSM_POL_DAILY.LOG,0,1,
TBLCLASS.LOG,1205,62,
TBLCLASSLOC.LOG,35,1,
,,,"UAMS01 - Msg 3906, Level 16, State 1",,
TBLCLASSLOCTYPE_LKUP.LOG,15,1,
TBLCLASS_LKUP.LOG,61,1,
TBLCOMPLAINT_LKUP.LOG,13,1,
TBLCONTEST_ADJUSTMENT.LOG,0,16,
TBLCONTEST_ADJUSTMENT_LOG.LOG,0,1,
TBLCONTEST_AGENT_DTL.LOG,0,16,
TBLCONTEST_AGY_EXCL.LOG,10,1,
TBLCONTEST_AGY_EXCL_SRC.LOG,0,1,
TBLCONTEST_COUNTEROFFER.LOG,13954,172,
TBLCONTEST_CWA_TRXN_DAILY.LOG,2513,78,
TBLCONTEST_DELDATE.LOG,132328,641,
TBLCONTEST_EXCHANGE.LOG,238,15,
TBLCONTEST_HIAS_POL_DATES.LOG,0,16,
TBLCONTEST_HIERARCHY_SETUP.LOG,6413,62,
TBLCONTEST_INGE_DCR_DATE.LOG,0,16,
TBLCONTEST_LFCM_DCR_DATE.LOG,0,1,
TBLCONTEST_LFCM_POL_DATES.LOG,0,16,
TBLCONTEST_LOOKUP_MAPPINGS.LOG,19,1,
TBLCONTEST_MULTIPLETIME.LOG,16,15,
TBLCONTEST_PLAN.LOG,533,15,
TBLCONTEST_PLANCODE_EXCL.LOG,12,1,
TBLCONTEST_PLAN_EXCL.LOG,74,1,
TBLCONTEST_PLAN_EXCL_SRC.LOG,2268,15,
TBLCONTEST_PLAN_PRODGRP.LOG,336,16,
TBLCONTEST_POLICY_MASTER.LOG,0,16,
TBLCONTEST_POLICY_PREFINAL.LOG,73081,1156,
TBLCONTEST_POLICY_RESULT.LOG,2906,156,
TBLCONTEST_POLICY_SUBMIT.LOG,0,1,
TBLCONTEST_POL_COMM_DAILY.LOG,0,16,
TBLCONTEST_POL_TRXN_DAILY.LOG,0,16,
TBLCONTEST_POL_TRXN_DLRC.LOG,150273,1469,
TBLCONTEST_POST_MONITOR.LOG,420,47,
TBLCONTEST_REPORT_GROUP.LOG,374,31,
TBLCONTEST_REPORT_GROUP_SRC.LOG,9,15,
TBLCONTEST_REPORT_QUEUE.LOG,18,63,
TBLCONTEST_SETUP.LOG,11,31,
TBLCYCLE_LAST_YR.LOG,5811,110,
TBLDM_AGT_ACTIVE_MOST.LOG,29524,1219,
TBLDM_AGT_CASEACTIVE.LOG,0,47,
TBLDM_AGT_MANPOWER.LOG,112851,3671,
TBLDM_AGT_MP_MOST.LOG,0,16,
TBLDM_AGT_PROFILE.LOG,0,15,
TBLDM_AGT_REPORT_MOST.LOG,44150907,1893328,
TBLDM_AGY_ACTIVE.LOG,0,63,
TBLDM_AGY_ACTIVE_MOST.LOG,0,47,
TBLDM_AGY_CASE.LOG,476568,14094,
TBLDM_AGY_MANPOWER.LOG,23780,438,
TBLDM_AGY_MP_MOST.LOG,0,1,
TBLDM_AGY_PROFILE.LOG,0,1,
TBLDM_AGY_REPORT_MOST.LOG,2084325,256625,
TBLDM_REAL_AGENT.LOG,0,1,
TBLDM_REAL_AGENT_CMP.LOG,0,31,
TBLFHC_QUESTIONNAIRE_INPUT.LOG,530,47,
TBLGA_CERTIFICATE_MAIN.LOG,0,16,
TBLGA_CERTIFICATE_TREE.LOG,134560,453,
TBLGA_LIFE_DATAENTRY.LOG,0,1,
TBLGA_LIFE_MEMO.LOG,0,1,
TBLGA_PA_DATAENTRY.LOG,0,16,
TBLGA_PA_MEMO.LOG,0,16,
TBLGA_TREE.LOG,107615,235,
TBLGA_TREE_MTHEND.LOG,0,16,
TBLGENDER_LKUP.LOG,2,1,
TBLJOL_BUSNSRC_02_COMPLAINT.LOG,1582,141,
TBLKRA_ACTY_REPORT_MTHLY.LOG,3859702,44813,
TBLKRA_AGY_REPORT_MTHLY.LOG,6147986,37000,
TBLKRA_COMM_REPORT_MTHLY.LOG,0,1,
TBLKRA_DEFINE_RERUN_DATE.LOG,0,1,
TBLKRA_ISSUE_DAILY_BASE.LOG,6826134,84797,
TBLKRA_ISSUE_DAILY_PTR.LOG,3440108,26188,
TBLKRA_OPERATION_REPORT.LOG,0,16,
TBLKRA_PERSIS_MTHLY.LOG,0,16,
TBLKRA_PFA_DAILY_BASE.LOG,5509286,70062,
TBLKRA_PFA_DAILY_PTR.LOG,779016,6125,
TBLKRA_REJECT_DAILY_BASE.LOG,0,16,
TBLKRA_REJECT_DAILY_PTR.LOG,0,1,
TBLKRA_REPORT_DAILY_AGYSALE.LOG,2010219,49812,
TBLKRA_REPORT_DAILY_BASE.LOG,111240205,3315828,
TBLKRA_REPORT_DAILY_PTR.LOG,31382157,241188,
TBLKRA_REPORT_PERSISLAPSE_P12M.LOG,8282723,63563,
TBLKRA_REPORT_PERSISTENCYLAPSE.LOG,3697918,64485,
TBLKRA_WSM2_DAILY_BASE.LOG,0,47,
TBLKRA_WSM2_DAILY_PTR.LOG,0,1,
TBLKRA_WSMPA_ISSUED_DAILY_BASE.LOG,47425,1875,
TBLKRA_WSMPA_ISSUED_DAILY_PTR.LOG,88400,828,
TBLKRA_WSM_ACTY_MTHLY.LOG,0,16,
TBLKRA_WSM_DAILY_BASE.LOG,0,16,
TBLKRA_WSM_DAILY_PTR.LOG,70473440,527375,
TBLKRA_WSM_RECRUIT_MTHLY.LOG,564935,3453,
TBLLABEL_LKUP.LOG,739,62,
TBLLMS_AGTPROFILE.LOG,54611,3735,
TBLLMS_PROSPECT_PROFILE.LOG,317,63,
TBLLMS_TRAINING_RESULT.LOG,11259,609,
TBLLOC_OFFBLDG_LKUP.LOG,326,16,
TBLLOOKUP_CAT.LOG,22,1,
TBLLOOKUP_MAPPINGS.LOG,134,1,
TBLLOOKUP_OFFICE_UPC_EXCLUDE.LOG,0,1,
TBLMTHENDAGYTAB.LOG,19870,406,
TBLPASSTATUS_ALL_LKUP.LOG,9,1,
TBLPAS_ACTIVITY_SUMMARY.LOG,51,1,
TBLPAS_ACTIVITY_SUMMARY_HIST.LOG,0,16,
TBLPAS_INPUT.LOG,1313,78,
TBLPAS_INPUT_HIST.LOG,1318,31,
TBLPAS_REFERRAL_INPUT.LOG,46,16,
TBLPFA_AGENT.LOG,13702,32,
TBLPFA_AGENT_STATUS.LOG,0,1,
TBLPFA_AWA_FHC.LOG,260,16,
TBLPFA_FHC.LOG,14,1,
TBLPFA_PAS_DTL.LOG,13,15,
TBLPFA_TRAINING_DTL.LOG,16,1,
TBLPLAN_PRODGRP_FYC_MAPPING.LOG,32384,360,
TBLPLAN_PRODGRP_MAPPING.LOG,34091,203,
TBLPLAN_PRODGRP_WSM_MAPPING.LOG,11,16,
TBLPRODGRP_VIEW_FYC_MAPPING.LOG,280,32,
TBLPRODGRP_VIEW_MAPPING.LOG,576,16,
TBLPRODGRP_VIEW_WSM_MAPPING.LOG,63,1,
TBLREGISTRATION.LOG,371779,1250,
TBLREJECT_LKUP.LOG,69,16,
TBLREJ_AGT_CNT_MTHLY.LOG,0,1,
TBLREJ_AGT_K_PERS_MTHLY.LOG,0,1,
TBLREJ_AGT_PERSIS_MTHLY.LOG,0,1,
TBLREJ_AGYAGT.LOG,0,15,
TBLREJ_AGY_CNT_MTHLY.LOG,0,15,
TBLREJ_LEVEL.LOG,0,16,
TBLREJ_POL_COMM_DAILY.LOG,0,16,
TBLREJ_POL_TRXN_DAILY.LOG,2,1,
TBLREJ_POL_TRXN_MTHLY.LOG,127628,1312,
TBLREPORT_AGTRETENT_CT.LOG,10440,109,
TBLREPORT_AGYPERF.LOG,1240,172,
TBLREPORT_ALP_AL.LOG,522860,9750,
TBLREPORT_ALP_AY.LOG,648190,9125,
TBLREPORT_AN1.LOG,110209,906,
TBLREPORT_AN1_CY.LOG,1195769,9735,
TBLREPORT_AN1_LY.LOG,0,16,
TBLREPORT_AO.LOG,615741,6484,
TBLREPORT_AOTEAM.LOG,60688,1031,
TBLREPORT_AR12.LOG,645978,9437,
TBLREPORT_AR17.LOG,652,16,
TBLREPORT_AR2.LOG,1009574,11828,
TBLREPORT_AR3.LOG,17065,360,
TBLREPORT_AR78.LOG,724,62,
TBLREPORT_LOOKUP.LOG,6,31,
TBLREPORT_NEWSUP.LOG,48570,515,
TBLREPORT_PERSIS19M_CT.LOG,0,15,
TBLREPORT_PERSISIMPR.LOG,0,16,
TBLREPORT_PERSISIMPR_AGYCD.LOG,13887,62,
TBLREPORT_TOPAGT_COUNTRY.LOG,11000,63,
TBLREPORT_TOPAGT_GROUP.LOG,586460,2015,
TBLREPORT_TOPAGT_SUBGROUP.LOG,759522,2531,
TBLREPORT_TOPAGT_SUBZONE.LOG,207248,750,
TBLREPORT_TOPAGT_ZONE.LOG,130067,422,
TBLREPORT_TOPAGY_COUNTRY.LOG,79558,297,
TBLREPORT_TOPAGY_GROUP.LOG,84173,297,
TBLREPORT_TOPAGY_SUBGROUP.LOG,84173,297,
TBLREPORT_TOPAGY_SUBZONE.LOG,83050,422,
TBLREPORT_TOPAGY_ZONE.LOG,82344,282,
TBLSTAFF_DTL.LOG,1075,31,
TBLTOPREPORT.LOG,1500,31,
TBLTOPREPORT_AGENCY_MTH.LOG,5723,32,
TBLTOPREPORT_MTH.LOG,477,15,
TBLTOPREPORT_NEWAGT_SCREEN.LOG,481,16,
TBLTOPREPORT_SCREEN.LOG,1500,46,
TBLTRAINAGENT.LOG,2287105,50781,
TBLTRAINAGENT_PASS1.LOG,2,1,
TBLTRAINAPPROVAL.LOG,13,16,
TBLTRAINAREA_LKUP.LOG,399,32,
TBLTRAINCLASS.LOG,55992,891,
TBLTRAINCOURSE.LOG,497,1,
TBLTRAINER.LOG,107,16,
TBLTRAINERAREA.LOG,76,16,
TBLTRAINERSTATUS_LKUP.LOG,4,1,
TBLTRAINERTYPE_LKUP.LOG,4,1,
TBLTRAING_ALL_LICENSE.LOG,408248,3625,
TBLTRAININGCONTROLFLOW.LOG,0,16,
TBLTRAININGLICENSEAGENT.LOG,5842,63,
TBLTRAININGREPORTLICENSE.LOG,9729,62,
TBLTRAININSTITUTE.LOG,8,16,
TBLTRAINLOCATION.LOG,80,1,
TBLTRAINLOCKDATE.LOG,4,16,
TBLTRAINMSGMAPPING.LOG,10,1,
TBLTRAINTITLE.LOG,788,15,
TBLUSAGE_LOG.LOG,47174,484,
TBLUSER_PROFILE.LOG,66814,3046,
TBLWSM_POL_TRXN_DAILY.LOG,0,16,
VTBLBEN_PFA_PAS_MTHLY.LOG,13702,79,
VTBLKRA_ISSUE_REPORT_DAILY.LOG,12187986,643375,
VTBLKRA_PFA_DAILY.LOG,4455553,325360,
VTBLKRA_REJECT_DAILY.LOG,0,16,
VTBLKRA_REPORT_DAILY.LOG,,,"UAMS01 - Msg 1105, Level 17, State 2",,
VTBLKRA_REPORT_FYC.LOG,,,"UAMS01 - Msg 208, Level 16, State 1",,
VTBLKRA_WSMISSUE_REPORT_DAILY.LOG,47425,3797,
,,,"UAMS01 - Msg 307, Level 10, State 9",,
VTBLKRA_WSM_ACTY_MTHLY.LOG,0,1,
VTBLKRA_WSM_RECRUIT_MTHLY.LOG,564935,3516,
VTBLKRA_WSM_REPORT_DAILY.LOG,0,62,