file, rows_copied, total, error,,
TBLAFFISRC_02_AGY_AGT_LIST.LOG,78135,266,
TBLAFFISRC_02_PROD_EXCLUDE.LOG,3386,62,
TBLAFFI_02_PROD_AGENCY_D.LOG,171,15,
TBLAFFI_02_PROD_AGENCY_D_H.LOG,105377,812,
TBLAFFI_02_PROD_AGENT_D.LOG,1106,47,
TBLAFFI_02_PROD_AGENT_D_H.LOG,785999,6563,
TBLAFFI_02_PROD_GROUP_D.LOG,13,16,
TBLAFFI_02_PROD_GROUP_D_H.LOG,3717,47,
TBLAFFI_02_PROD_SUBGROUP_D.LOG,39,16,
TBLAFFI_02_PROD_SUBGROUP_D_H.LOG,10933,125,
TBLBANCSRC_02_BAY_GIWL_POL.LOG,12,32,
TBLBANCSRC_02_BAY_GIWL_POL_H.LOG,32,62,
TBLBANCSRC_02_BAY_PENDING.LOG,556,31,
TBLBANCSRC_02_BAY_PENDING_H.LOG,2416,109,
TBLBANCSRC_02_BAY_PENDING_RPT.LOG,318,31,
TBLBANCSRC_02_BAY_POLICY.LOG,134,47,
TBLBANCSRC_02_BAY_POLICY_H.LOG,1428,109,
TBLBANCSRC_02_BAY_POLICY_H_ALL.LOG,1428,234,
TBLBANCSRC_02_CITI_POLICY.LOG,0,16,
TBLBANCSRC_02_CITI_POLICY_H.LOG,0,15,
TBLBANCSRC_02_CITI_POL_H_ALL.LOG,0,32,
TBLBANCSRC_02_CLIENT_INFO.LOG,0,1,
TBLBANCSRC_02_KNK_PENDING.LOG,12,1,
TBLBANCSRC_02_KNK_PENDING_H.LOG,69,1,
TBLBANCSRC_02_KNK_PENDING_RPT.LOG,5,16,
TBLBANCSRC_02_KNK_POLICY.LOG,0,15,
TBLBANCSRC_02_KNK_POLICY_H.LOG,0,16,
TBLBANCSRC_02_KNK_POL_H_ALL.LOG,0,31,
TBLBANCSRC_02_LH_PENDING.LOG,0,16,
TBLBANCSRC_02_LH_PENDING_H.LOG,0,16,
TBLBANCSRC_02_LH_PENDING_RPT.LOG,0,15,
TBLBANCSRC_02_LH_POLICY.LOG,0,31,
TBLBANCSRC_02_LH_POLICY_H.LOG,0,15,
TBLBANCSRC_02_LH_POL_H_ALL.LOG,0,31,
TBLBANCSRC_02_POLICY_INFO_H.LOG,0,1,
TBLBANCSRC_02_POLICY_MISSING.LOG,19576,219,
TBLBANCSRC_02_POL_CASE_D_CAL.LOG,13172,93,
TBLBANCSRC_02_POL_COMM_D_CAL.LOG,0,15,
TBLBANCSRC_02_POL_COMM_D_CAL_R.LOG,0,16,
TBLBANCSRC_02_POL_REJ_STATUS.LOG,1618,31,
TBLBANCSRC_02_POL_TRXN_D_CAL.LOG,0,1,
TBLBANCSRC_02_POL_TRXN_D_CAL_R.LOG,0,16,
TBLBANCSRC_02_UOB_PENDING.LOG,93,15,
TBLBANCSRC_02_UOB_PENDING_H.LOG,478,32,
TBLBANCSRC_02_UOB_PENDING_RPT.LOG,29,16,
TBLBANCSRC_02_UOB_POLICY.LOG,43,15,
TBLBANCSRC_02_UOB_POLICY_H.LOG,311,78,
TBLBANCSRC_02_UOB_POLICY_H_ALL.LOG,311,15,
TBLBANCSRC_MODE_ANNUAL_PREM.LOG,89042,500,
TBLBANC_BAY_BYZONE_AREA_W.LOG,0,16,
TBLBANC_BAY_BYZONE_AREA_W_H.LOG,0,1,
TBLBANC_BAY_BYZONE_DTL_W_H.LOG,0,1,
TBLBANC_BAY_BYZONE_DTL_W_RPT.LOG,0,16,
TBLBANC_BAY_BYZONE_DTL_W_RPT_H.LOG,0,1,
TBLBANC_BAY_BYZONE_REGION_W.LOG,0,1,
TBLBANC_BAY_BYZONE_REGION_W_H.LOG,0,1,
TBLBANC_BAY_GIWL_M.LOG,0,31,
TBLBANC_BAY_GIWL_M_REC.LOG,0,15,
TBLBANC_BAY_GIWL_M_REC_H.LOG,0,16,
TBLBANC_BAY_GIWL_RPT_HISTORY.LOG,0,1,
TBLBANC_BAY_GIWL_RPT_TIMESTAMP.LOG,0,1,
TBLBANC_BAY_PAID_FIRSTYEAR_M.LOG,0,15,
TBLBANC_BAY_PAID_FIRSTYEAR_M_H.LOG,476,16,
TBLBANC_BAY_PROD_FIRSTYEAR_D.LOG,0,31,
TBLBANC_BAY_PROD_FIRSTYEAR_D_H.LOG,0,31,
TBLBANC_BAY_PROD_LAPSED_D.LOG,0,16,
TBLBANC_BAY_PROD_LAPSED_D_H.LOG,0,31,
TBLBANC_BAY_PROD_POL_REJECT_D.LOG,0,31,
TBLBANC_BAY_PROD_POL_REJ_D_H.LOG,0,15,
TBLBANC_BAY_PROD_REJECT_D.LOG,134,31,
TBLBANC_BAY_PROD_REJECT_D_H.LOG,1428,47,
TBLBANC_BAY_PROD_RENEWYEAR_D.LOG,0,16,
TBLBANC_BAY_PROD_RENEWYEAR_D_H.LOG,0,15,
TBLBANC_BAY_PROD_SUBMIT_D.LOG,0,31,
TBLBANC_BAY_PROD_SUBMIT_D_H.LOG,0,47,
TBLBANC_KNK_PAID_FIRSTYR_M.LOG,0,1,
TBLBANC_KNK_PAID_FIRSTYR_M_H.LOG,10,1,
TBLBANC_KNK_PROD_FIRSTYEAR_D.LOG,0,16,
TBLBANC_KNK_PROD_FIRSTYR_D_H.LOG,0,15,
TBLBANC_KNK_PROD_LAPSED_D.LOG,0,31,
TBLBANC_KNK_PROD_LAPSED_D_H.LOG,0,31,
TBLBANC_KNK_PROD_POL_REJECT_D.LOG,0,31,
TBLBANC_KNK_PROD_POL_REJ_D_H.LOG,0,16,
TBLBANC_KNK_PROD_REJECT_D.LOG,0,31,
TBLBANC_KNK_PROD_REJECT_D_H.LOG,0,16,
TBLBANC_KNK_PROD_RENEWYEAR_D.LOG,0,31,
TBLBANC_KNK_PROD_RENEWYR_D_H.LOG,0,16,
TBLBANC_KNK_PROD_SUBMIT_D.LOG,0,16,
TBLBANC_KNK_PROD_SUBMIT_D_H.LOG,0,16,
TBLBANC_LH_PROD_FIRSTYEAR_D.LOG,0,31,
TBLBANC_LH_PROD_FIRSTYR_D_H.LOG,0,16,
TBLBANC_LH_PROD_LAPSED_D.LOG,0,31,
TBLBANC_LH_PROD_LAPSED_D_H.LOG,0,15,
TBLBANC_LH_PROD_POL_REJECT_D.LOG,0,16,
TBLBANC_LH_PROD_POL_REJ_D_H.LOG,0,31,
TBLBANC_LH_PROD_REJECT_D.LOG,0,16,
TBLBANC_LH_PROD_REJECT_D_H.LOG,0,15,
TBLBANC_LH_PROD_RENEWYEAR_D.LOG,0,16,
TBLBANC_LH_PROD_RENEWYR_D_H.LOG,0,16,
TBLBANC_LH_PROD_SUBMIT_D.LOG,0,31,
TBLBANC_LH_PROD_SUBMIT_D_H.LOG,0,15,
TBLBANC_LH_TRXN_D_CAL_R.LOG,,,"UAMS01 - Msg 208, Level 16, State 1",,
TBLBANC_LH_TRXN_D_CAL_R_H.LOG,0,16,
TBLBANC_RPT_CL_BAY_APPROVE_D.LOG,0,31,
TBLBANC_RPT_CL_BAY_APPROVE_D_H.LOG,0,15,
TBLBANC_RPT_CL_BAY_APPROVE_D_R.LOG,0,1,
TBLBANC_RPT_CL_BAY_APPRV_N_D.LOG,0,16,
TBLBANC_RPT_CL_BAY_APPRV_N_D_R.LOG,0,16,
TBLBANC_RPT_CL_BAY_APPRV_P_D.LOG,0,32,
TBLBANC_RPT_CL_BAY_APPRV_P_D_R.LOG,0,1,
TBLBANC_RPT_CL_BAY_LAPSED_D.LOG,0,47,
TBLBANC_RPT_CL_BAY_LAPSED_D_H.LOG,0,31,
TBLBANC_RPT_CL_BAY_LAPSED_D_R.LOG,0,15,
TBLBANC_RPT_CL_BAY_PENDING_D.LOG,0,31,
TBLBANC_RPT_CL_BAY_PENDING_D_H.LOG,0,31,
TBLBANC_RPT_CL_BAY_PENDING_D_R.LOG,0,1,
TBLBANC_RPT_CL_BAY_POLREJ_D.LOG,0,32,
TBLBANC_RPT_CL_BAY_POLREJ_D_H.LOG,0,31,
TBLBANC_RPT_CL_BAY_POLREJ_D_R.LOG,0,15,
TBLBANC_RPT_CL_BAY_REJECT_D.LOG,0,32,
TBLBANC_RPT_CL_BAY_REJECT_D_H.LOG,0,47,
TBLBANC_RPT_CL_BAY_SUBMIT_D.LOG,0,32,
TBLBANC_RPT_CL_BAY_SUBMIT_D_H.LOG,0,32,
TBLBANC_RPT_CL_BAY_SUBMIT_D_R.LOG,0,15,
TBLBANC_RPT_OIC_FY_BANC_M.LOG,38,1,
TBLBANC_RPT_OIC_FY_BANC_M_H.LOG,38,1,
TBLBANC_RPT_OIC_FY_BRDMKT_M.LOG,114,16,
TBLBANC_RPT_OIC_FY_BRDMKT_M_H.LOG,114,15,
TBLBANC_RPT_OIC_FY_DMBK_M.LOG,11,1,
TBLBANC_RPT_OIC_FY_DMBK_M_H.LOG,11,1,
TBLBANC_RPT_OIC_FY_DMNBK_M.LOG,181,1,
TBLBANC_RPT_OIC_FY_DMNBK_M_H.LOG,181,1,
TBLBANC_RPT_OIC_RY_BANC_M.LOG,32,1,
TBLBANC_RPT_OIC_RY_BANC_M_H.LOG,32,1,
TBLBANC_RPT_OIC_RY_BRDMKT_M.LOG,185,1,
TBLBANC_RPT_OIC_RY_BRDMKT_M_H.LOG,185,16,
TBLBANC_RPT_OIC_RY_DMBK_M.LOG,93,15,
TBLBANC_RPT_OIC_RY_DMBK_M_H.LOG,93,15,
TBLBANC_RPT_OIC_RY_DMNBK_M.LOG,254,16,
TBLBANC_RPT_OIC_RY_DMNBK_M_H.LOG,254,15,
TBLBANC_UOB_PAID_FIRSTYEAR_M.LOG,0,1,
TBLBANC_UOB_PAID_FIRSTYEAR_M_H.LOG,99,1,
TBLBANC_UOB_PROD_FIRSTYEAR_D.LOG,1,16,
TBLBANC_UOB_PROD_FIRSTYEAR_D_H.LOG,54,16,
TBLBANC_UOB_PROD_LAPSED_D.LOG,4,15,
TBLBANC_UOB_PROD_LAPSED_D_H.LOG,8,16,
TBLBANC_UOB_PROD_POL_REJECT_D.LOG,0,16,
TBLBANC_UOB_PROD_POL_REJ_D_H.LOG,1,16,
TBLBANC_UOB_PROD_REJECT_D.LOG,0,15,
TBLBANC_UOB_PROD_REJECT_D_H.LOG,4,31,
TBLBANC_UOB_PROD_RENEWYEAR_D.LOG,38,15,
TBLBANC_UOB_PROD_RENEWYEAR_D_H.LOG,204,31,
TBLBANC_UOB_PROD_SUBMIT_D.LOG,0,15,
TBLBANC_UOB_PROD_SUBMIT_D_H.LOG,40,16,
TBLBAY_ACTIONFLOW_IN.LOG,3,31,
TBLBAY_ACTIONFLOW_MST.LOG,4158,500,
TBLBAY_AGYGROUP_TREE.LOG,8454,47,
TBLBAY_BUSNSRC_02_AGENCY.LOG,31988,641,
TBLBAY_BUSNSRC_02_AGT_HIRE.LOG,1508224,24375,
TBLBAY_BUSNSRC_02_AGYGROUP.LOG,220370,2110,
TBLBAY_BUSNSRC_02_DTL.LOG,652927,15156,
TBLBAY_BUSNSRC_02_LICENSE_AA.LOG,615868,25344,
TBLBAY_COMMISSION_DAILY_IN.LOG,0,15,
TBLBAY_COMMISSION_DAILY_MST.LOG,279,31,
TBLBAY_COMMISSION_MONTHLY_IN.LOG,0,32,
TBLBAY_COMMISSION_MONTHLY_MST.LOG,1364,79,
TBLBAY_CYCLE_DATE.LOG,8,1,
TBLBAY_DUELIST_IN.LOG,7,47,
TBLBAY_DUELIST_MST.LOG,442,141,
TBLBAY_FREELOOK_IN.LOG,0,1,
TBLBAY_FREELOOK_MST.LOG,4,15,
TBLBAY_LKUP_BRANCH.LOG,8,1,
TBLBAY_LKUP_FUNDCODE.LOG,11,16,
TBLBAY_LKUP_FUNDHOUSE.LOG,3,1,
TBLBAY_LKUP_FUNDTYPE.LOG,4,1,
TBLBAY_LKUP_NATIONALITY.LOG,245,31,
TBLBAY_LKUP_OCCUPATION.LOG,867,16,
TBLBAY_LKUP_PENDINGCODE.LOG,0,15,
TBLBAY_LKUP_POLICY_STATUS.LOG,6,1,
TBLBAY_LKUP_POLICY_SUBSTATUS.LOG,29,1,
TBLBAY_PAYMENTBENEFIT_IN.LOG,0,16,
TBLBAY_PAYMENTBENEFIT_MST.LOG,309,15,
TBLBAY_POLICYMAIN_IN.LOG,0,16,
TBLBAY_POLICYMAIN_MST.LOG,2418,250,
TBLBAY_POLICYRAIDER_IN.LOG,0,1,
TBLBAY_POLICYRAIDER_MST.LOG,67,31,
TBLBAY_RECONCILE.LOG,1552,15,
TBLBAY_RECONCILE_FILE_LIST.LOG,547,16,
TBLBAY_TBLBUSNSRC_02_DTL.LOG,0,16,
TBLBAY_UNITLINKEDTRANS_IN.LOG,0,15,
TBLBAY_UNITLINKEDTRANS_MST.LOG,4151,62,
TBLBAY_UNITLINKEDTRANS_OUT.LOG,0,1,
TBLBAY_UNITLINKED_IN.LOG,776,1,
TBLBAY_UNITLINKED_MST.LOG,40884,422,
TBLBAY_UNITLINKED_OUT.LOG,0,1,
TBLBBLPARAM.LOG,0,1,
TBLBBL_CUSTOMERTYPE.LOG,4554,47,
TBLBBL_IPOS_CYCLE.LOG,1,16,
TBLBBL_IPOS_CYCLE_CONTROL.LOG,1,16,
TBLBBL_LASTPOLICYMOVEMENT.LOG,72,16,
TBLBBL_POLICYMOVEMENTINFO.LOG,4606,47,
TBLBUSNSRC_02_POL_TRXN_D_YEAR.LOG,5491496,48485,
TBLLOOKUP_ADDRESS_IND.LOG,6,1,
TBLLOOKUP_AGENT_LICENSE.LOG,3323,16,
TBLLOOKUP_AGENT_LICENSE_EXP.LOG,0,1,
TBLLOOKUP_AGT_LICENSE_BAY_EXP.LOG,0,15,
TBLLOOKUP_AGT_LICENSE_LH_EXP.LOG,0,1,
TBLLOOKUP_AMS_SYSTEMID.LOG,10,1,
TBLLOOKUP_CHANNEL.LOG,5,1,
TBLLOOKUP_CITIZEN_TYPE.LOG,171,16,
TBLLOOKUP_CL_DTL.LOG,184,15,
TBLLOOKUP_CL_PRODUCT.LOG,30,1,
TBLLOOKUP_CL_STATUS_CODE.LOG,18,1,
TBLLOOKUP_COMMISSION_RATE.LOG,58,16,
TBLLOOKUP_CUSTOMER_TYPE.LOG,4,1,
TBLLOOKUP_GENDER.LOG,27,15,
TBLLOOKUP_INCENTIVE_RATE.LOG,170,1,
TBLLOOKUP_LEADER_GRP_SUBGRP.LOG,10,1,
TBLLOOKUP_MARITAL_STATUS.LOG,36,15,
TBLLOOKUP_OCCUPATION.LOG,4325,46,
TBLLOOKUP_PAYMENT_METHOD.LOG,140,1,
TBLLOOKUP_PAYMENT_MODE.LOG,40,16,
TBLLOOKUP_PAYMENT_TIME.LOG,171,31,
TBLLOOKUP_PENDINGMEMO_STATUS.LOG,120,1,
TBLLOOKUP_PENDING_CASE_DESC.LOG,54,32,
TBLLOOKUP_PENDING_FOLLOWBY.LOG,5510,31,
TBLLOOKUP_PREMIUM_BANKID_H.LOG,0,1,
TBLLOOKUP_PRODUCT.LOG,208,16,
TBLLOOKUP_PRODUCT_DM.LOG,0,1,
,,,"UAMS01 - Msg 3906, Level 16, State 1",,
TBLLOOKUP_REJECT_REASON.LOG,290,15,
TBLLOOKUP_REJECT_REASON_DESC.LOG,36,1,
TBLLOOKUP_REPORT_TYPE.LOG,90,31,
TBLLOOKUP_SEGMENTREGIONBRANCH.LOG,0,16,
TBLLOOKUP_STAFF_ASSISTANT.LOG,1769,46,
TBLLOOKUP_STAFF_BAY.LOG,14262,78,
TBLLOOKUP_STAFF_BAY_ARM.LOG,0,1,
TBLLOOKUP_STAFF_BAY_BM.LOG,616,31,
TBLLOOKUP_STAFF_BAY_DM.LOG,0,1,
TBLLOOKUP_STAFF_BAY_RM.LOG,45,16,
TBLLOOKUP_STAFF_BAY_SME.LOG,0,1,
TBLLOOKUP_STAFF_BAY_SME_ARM.LOG,0,16,
TBLLOOKUP_STAFF_BAY_SME_BM.LOG,0,16,
TBLLOOKUP_STAFF_BAY_SME_RM.LOG,0,16,
TBLLOOKUP_STAFF_BAY_ZONE.LOG,0,1,
TBLLOOKUP_STAFF_KNK.LOG,66,15,
TBLLOOKUP_STAFF_KNK_BRANCH.LOG,11,1,
TBLLOOKUP_STAFF_LH.LOG,957,16,
TBLLOOKUP_STAFF_LH_BRANCH.LOG,123,1,
TBLLOOKUP_STAFF_SCIB.LOG,0,1,
TBLLOOKUP_STAFF_SCIB_BRANCH.LOG,412,16,
TBLLOOKUP_STAFF_UOB_BRANCH.LOG,0,15,
TBLLOOKUP_STATUS_CODE.LOG,260,16,
TBLLOOKUP_STATUS_CODES.LOG,0,1,
TBLLOOKUP_STATUS_CODE_DESC.LOG,63,1,